21711, 90281, 72967, 05503, 12937, 69034, 41030, 68091, 17638, 04312, 34828, 69725, 57524, 21182, 60774, 80665, 84818, 25430, 24811, 79223
47237, 44778, 36673, 83867, 91354, 99707, 49311, 80978, 75719, 49240, 13195, 01444, 24636, 60077, 24099, 62921, 61600, 67457, 64413, 05037
19568, 78220, 35663, 71195, 51626, 45039, 77247, 62720, 95779, 56349, 57617, 35939, 50268, 91626, 59597, 66624, 99670, 69411, 91774, 83562
11829, 74657, 24915, 89242, 43380, 72856, 40170, 20808, 91896, 31568, 01645, 92438, 12394, 59015, 48206, 46550, 38365, 74534, 74950, 35719
66277, 11031, 71756, 33372, 67183, 79151, 17801, 61339, 06335, 91958, 44141, 22397, 43466, 04121, 55732, 42133, 22676, 23083, 49806, 04648
35071, 73290, 87766, 40539, 30436, 88914, 58819, 00463, 86926, 12141, 92349, 50790, 64435, 68357, 37376, 74218, 00928, 54835, 69148, 83793
15843, 50694, 96710, 44834, 04545, 81295, 56492, 21116, 34614, 46070, 41764, 16268, 88962, 12929, 99701, 78628, 09429, 09529, 69122, 88021
89189, 29159, 57970, 32606, 89182, 48589, 58349, 64898, 41095, 11912, 81598, 70234, 29941, 01549, 71583, 21596, 54662, 26217, 78434, 01402
56695, 31323, 85285, 14011, 32970, 65922, 93335, 93137, 28380, 28043, 84422, 11996, 99138, 64290, 33265, 26478, 95636, 77599, 35520, 24084
81478, 36025, 96513, 52592, 19847, 57575, 52197, 18631, 95186, 20218, 41008, 97122, 19602, 81855, 59167, 55868, 05826, 78428, 08484, 65518
45677, 30844, 30057, 50024, 98748, 00950, 45182, 36791, 35491, 38088, 29443, 21552, 35511, 39511, 24516, 14628, 09572, 95376, 78116, 14226
89846, 21743, 04222, 73833, 86037, 59068, 90587, 49210, 63488, 92277, 16940, 34778, 08911, 76849, 39551, 53112, 38476, 94772, 16523, 22548
79100, 65681, 19951, 06985, 59940, 77937, 97492, 17820, 66442, 68969, 76915, 72718, 99742, 71354, 97079, 85881, 85984, 05219, 05868, 22919
35233, 34140, 23341, 06016, 49152, 13463, 32238, 89907, 88264, 86431, 86630, 10623, 45756, 48685, 85273, 46565, 94665, 61497, 14484, 81210
77715, 35190, 10764, 85522, 64653, 40926, 69964, 02961, 03306, 54895, 45009, 32601, 32902, 95686, 76938, 88464, 73567, 80997, 36922, 16748
75107, 36124, 25357, 55505, 69848, 91552, 80007, 40961, 34648, 76366, 94734, 37175, 86511, 01125, 22399, 59703, 07501, 09929, 09872, 07810
16350, 04692, 02962, 48541, 16805, 63594, 56562, 54832, 44975, 30279, 85412, 13613, 04475, 28192, 91372, 83288, 43220, 41717, 09001, 47467
32354, 43627, 00970, 36083, 35539, 72199, 07001, 41147, 15178, 66802, 75892, 64403, 46379, 30165, 68726, 16574, 01361, 93385, 65384, 53459
90981, 98816, 25352, 87656, 94973, 40573, 96175, 29433, 47081, 91874, 85430, 10951, 32507, 90984, 93004, 19366, 57403, 93075, 96506, 75980
78005, 83539, 94483, 87824, 36442, 76672, 31881, 87538, 59348, 72560, 45396, 28010, 36801, 34927, 07531, 99925, 55986, 35787, 99346, 89126
91188, 23407, 74470, 96410, 97383, 63915, 34395, 02956, 94978, 89598, 17096, 32378, 07974, 16785, 19586, 97314, 62369, 94530, 25476, 06251
63788, 93509, 71231, 41722, 56504, 72278, 05061, 49560, 37438, 81596, 47600, 09604, 17818, 28311, 90943, 34471, 94584, 62823, 82622, 19905
53517, 49059, 29208, 05487, 39520, 85967, 44540, 64680, 52269, 16585, 65767, 26820, 17453, 97278, 79590, 07092, 29379, 73852, 34796, 05480
71752, 06027, 43607, 97464, 63970, 37106, 55090, 18211, 01191, 77507, 20277, 39713, 13573, 25046, 04284, 62207, 38020, 53703, 64669, 43741
55400, 66680, 75688, 83474, 65797, 24463, 66227, 10742, 21136, 71781, 34271, 67288, 20610, 48210, 77407, 70588, 75064, 42264, 55565, 78483
07980, 99732, 19600, 33994, 97802, 24254, 97190, 81987, 09785, 73372, 96232, 59849, 78735, 94750, 07541, 29593, 57201, 94424, 28114, 87438
83550, 04683, 35193, 02759, 82025, 91059, 78661, 74179, 53182, 85059, 89998, 31097, 71433, 39242, 05948, 69809, 36217, 00427, 24344, 09391
24458, 20992, 52987, 24418, 04314, 00412, 69532, 93276, 57761, 69609, 92876, 83781, 75845, 93112, 96576, 07342, 05312, 40715, 30763, 75051
35490, 26758, 31675, 23435, 29743, 00772, 20901, 14363, 98372, 59754, 39164, 03392, 90559, 76117, 28689, 84337, 24908, 80037, 58472, 84553
64638, 51870, 41257, 75637, 69477, 46830, 14712, 43573, 67009, 43219, 88832, 96112, 60863, 60449, 93467, 95213, 27801, 73238, 32595, 49213
37569, 45004, 35089, 50187, 16601, 15592, 35731, 42027, 89816, 47501, 94968, 58015, 44695, 79874, 82223, 67003, 69391, 23258, 20783, 16714
08248, 33632, 47176, 85525, 05523, 35097, 27718, 68561, 39225, 87490, 62585, 95604, 55788, 58923, 50343, 62658, 82180, 42960, 33877, 78631
69648, 80401, 74943, 52976, 49043, 74969, 96100, 63988, 13822, 02394, 34563, 09229, 94471, 65959, 88183, 03368, 39424, 99793, 07593, 56501
06312, 30360, 77404, 06790, 95941, 26844, 29940, 38290, 28106, 23920, 61248, 78366, 13737, 15625, 69628, 36356, 78615, 84584, 63709, 74723
85386, 24237, 19430, 22648, 67355, 53003, 00332, 41023, 32451, 39615, 62929, 57992, 95789, 44734, 64787, 22125, 41243, 82477, 11116, 78562
67310, 43673, 78355, 57832, 27361, 43056, 45417, 02922, 27663, 45978, 98243, 32214, 35788, 78733, 92989, 44484, 86709, 99816, 91447, 77207
69581, 49639, 89822, 01905, 79169, 76319, 59273, 38338, 57560, 01180, 36000, 77225, 13496, 34074, 73789, 41747, 03818, 20234, 67582, 55156
38830, 04153, 03770, 04477, 00319, 81581, 91412, 70271, 43105, 39635, 29947, 42353, 85490, 50494, 89137, 38827, 15699, 64093, 50309, 68760
73983, 68695, 20233, 90689, 54547, 75105, 97763, 66332, 36874, 46471, 14110, 99370, 22315, 25438, 03896, 91689, 33121, 36286, 06918, 14595
37231, 26417, 88812, 22798, 01394, 98125, 38332, 96803, 84134, 10635, 19413, 67081, 48458, 98167, 98989, 08683, 22666, 51107, 35249, 52707
06910, 18474, 89401, 77194, 86574, 35868, 03006, 44472, 05584, 16407, 32634, 44949, 40567, 79243, 76342, 33927, 81968, 01632, 51011, 46920
87283, 67315, 03807, 15267, 07050, 38865, 36997, 82187, 27686, 02184, 56261, 73520, 95752, 67222, 82080, 38579, 84891, 00271, 29983, 30569
88953, 93871, 37394, 33610, 47913, 62540, 86899, 56843, 18766, 53009, 98660, 95893, 47377, 43651, 28714, 08398, 38898, 61526, 28586, 24599
72112, 36873, 79882, 92164, 15755, 22426, 28862, 42290, 78415, 70517, 28506, 56092, 84456, 13869, 41418, 73070, 51677, 72148, 61001, 74627
95287, 83292, 13483, 38870, 69336, 05573, 28086, 63347, 66120, 78533, 78751, 07057, 53582, 54017, 29501, 07705, 11302, 45866, 00787, 73797
58822, 90385, 29900, 91785, 74361, 73148, 53195, 67734, 66037, 90784, 81536, 73060, 61911, 44086, 53584, 66919, 63251, 91502, 22124, 26546
09022, 20691, 25082, 63119, 50779, 29981, 25649, 54310, 14655, 84550, 58981, 26526, 78990, 05140, 44623, 10532, 41050, 75424, 03564, 09164
43310, 66665, 88715, 39776, 38148, 05578, 63845, 10892, 63567, 56798, 90109, 56743, 85540, 99877, 01309, 10952, 93940, 87954, 33873, 62045
65317, 35068, 12061, 52847, 66594, 45141, 52420, 78265, 26139, 22868, 54641, 86407, 12555, 01554, 13797, 15851, 35260, 91524, 07570, 02442
25259, 67574, 59001, 49314, 64254, 75246, 06546, 04427, 48783, 10430, 19002, 69802, 50467, 48380, 17478, 39566, 80984, 31179, 25539, 09008
04470, 73356, 54975, 54281, 25095, 68850, 78704, 84230, 23636, 84829, 20716, 80505, 03907, 72961, 27521, 06589, 58959, 94724, 75158, 03494
36741, 49937, 75827, 32755, 99399, 34983, 01814, 39480, 98935, 76796, 71108, 65547, 21991, 88627, 86838, 12465, 83439, 99436, 43323, 75857
53619, 97826, 98413, 02766, 15684, 71753, 71106, 30730, 87965, 41768, 21603, 78077, 36510, 92418, 74347, 13202, 96554, 32457, 81546, 10758
92888, 57981, 35118, 78755, 88638, 08960, 29394, 09555, 85060, 13528, 64238, 00599, 67287, 48351, 24575, 77668, 86907, 62729, 78465, 10964
92655, 01010, 82750, 51936, 26125, 66291, 67397, 65637, 42829, 90259, 72131, 75474, 48103, 02130, 42588, 99263, 50510, 79757, 44429, 61092
88591, 60257, 43509, 70800, 92666, 82714, 88747, 92106, 34604, 44648, 48542, 57853, 40669, 90136, 98521, 54903, 48365, 95490, 95300, 58352
12070, 17752, 71336, 15096, 15620, 09536, 44820, 88319, 24171, 28328, 85814, 67353, 50561, 44658, 95532, 82751, 56004, 14814, 59978, 16112
22076, 73574, 47816, 84390, 20315, 26937, 47840, 39784, 69182, 44257, 61267, 45757, 43446, 42907, 03835, 75378, 30128, 38215, 15973, 04002
97172, 61764, 60141, 75401, 34987, 75614, 41174, 55428, 96307, 02465, 21203, 82890, 02395, 40403, 55767, 19359, 54803, 04551, 48505, 31521
47823, 03057, 29726, 50051, 76525, 84359, 97346, 43459, 44853, 77265, 83330, 84348, 55571, 31085, 63233, 18991, 38999, 20694, 78369, 77689
32935, 06182, 07728, 19572, 13422, 82769, 21899, 37876, 50008, 85851, 76439, 11462, 18694, 55097, 97639, 22206, 56926, 05673, 45087, 64681
08465, 50188, 64682, 79804, 11460, 12865, 30544, 23059, 23266, 69717, 79119, 91725, 04602, 29529, 16560, 75707, 98749, 42287, 82139, 26865
80243, 78516, 19888, 92972, 61002, 02754, 61197, 82996, 26753, 77451, 69079, 21039, 61232, 74677, 89520, 14024, 09345, 19518, 93318, 69175
64253, 21207, 47768, 13622, 47172, 51124, 68747, 55690, 80058, 99644, 15393, 77214, 75795, 64087, 18943, 03317, 46462, 85115, 21961, 29667
83623, 82671, 53780, 06997, 62062, 77356, 55502, 60037, 56806, 25484, 87423, 68847, 15258, 78376, 23798, 93256, 22504, 63923, 88821, 69893
39364, 49360, 95675, 77999, 33095, 99551, 89490, 32190, 30956, 94416, 86271, 18672, 21878, 41361, 38781, 60180, 22469, 18864, 61998, 85549
24982, 14187, 39742, 23264, 96291, 08904, 75160, 46800, 67895, 90530, 10632, 10457, 49188, 20734, 30992, 61566, 79460, 53404, 17029, 28336
68752, 20993, 81436, 36434, 79700, 17817, 58471, 04575, 75338, 59690, 39967, 64201, 80025, 94989, 44856, 14343, 76291, 20678, 94725, 53429
26714, 44015, 52232, 74029, 44646, 75356, 71536, 34547, 65940, 97125, 19956, 79723, 82153, 43867, 90470, 26034, 42299, 36934, 57893, 79433
19834, 91581, 53189, 77267, 62119, 13802, 22176, 36375, 11818, 30126, 87834, 86376, 08971, 33998, 41105, 35637, 61795, 36633, 02873, 54713
75109, 39673, 02947, 93073, 18094, 13211, 77503, 42870, 44765, 89254, 67649, 90190, 89927, 85469, 88499, 27091, 56529, 64567, 25774, 96312
37758, 70726, 23851, 55240, 41327, 21482, 25127, 55295, 78338, 16168, 03409, 71457, 37078, 94081, 16817, 48651, 46998, 98846, 52418, 57126
43999, 98508, 49425, 71181, 55749, 59069, 29530, 41989, 14417, 96769, 56415, 13146, 05363, 93425, 83061, 22293, 52601, 33279, 45284, 08936
77562, 76758, 21988, 26954, 61009, 09143, 62246, 52625, 89785, 66539, 75996, 48733, 38842, 46044, 92396, 11456, 79838, 18733, 08174, 15631
14425, 66353, 18086, 23660, 94824, 16558, 12320, 63585, 53063, 78787, 34045, 94862, 08194, 07098, 29864, 80831, 78333, 60329, 82960, 87890
75154, 74415, 73599, 22667, 00861, 72438, 75869, 51541, 74439, 46813, 27636, 09742, 05716, 26388, 26780, 28181, 32603, 58242, 52948, 88397
82923, 80004, 36954, 89770, 11890, 38675, 87838, 56956, 76137, 84189, 24419, 07592, 53252, 26143, 08703, 68314, 25885, 80076, 85902, 81101
32333, 01924, 56709, 43512, 16771, 25362, 75358, 22354, 84855, 84871, 12386, 47038, 51044, 17379, 42783, 46163, 84874, 75509, 48503, 32370
17907, 86091, 53594, 30081, 72864, 14159, 06803, 37454, 89012, 94200, 50101, 64560, 06345, 69453, 10219, 96834, 47670, 48723, 44701, 67508
33889, 03277, 43138, 05479, 11449, 41209, 83448, 24088, 33304, 53674, 62159, 70018, 42056, 18723, 39881, 26424, 42594, 99328, 72895, 61111
85832, 48389, 62137, 34707, 98118, 93157, 47131, 18319, 74802, 93132, 19167, 18791, 81488, 98402, 91953, 37420, 55795, 18398, 66020, 72437
67878, 87122, 71095, 39500, 26917, 68415, 50035, 89359, 23218, 05966, 42565, 94348, 42957, 94630, 43367, 61332, 60002, 40504, 59477, 76394
54312, 42102, 31672, 21951, 59858, 49401, 88270, 74672, 78630, 76815, 53795, 05813, 40280, 92132, 68157, 72750, 68517, 73724, 75934, 09593
50536, 63093, 86276, 83611, 43983, 69761, 67821, 40872, 83065, 19318, 39007, 16489, 82600, 62267, 59347, 55294, 83919, 68279, 98396, 61225
23505, 89177, 68376, 46975, 36309, 19390, 61250, 96719, 63232, 69662, 22005, 48590, 17076, 66953, 55860, 57882, 75284, 14298, 94233, 95066
31315, 23807, 90939, 30677, 14697, 57583, 12537, 79531, 85260, 59591, 84723, 55461, 93533, 77517, 64430, 33110, 22720, 07230, 43985, 43613
29236, 47704, 12268, 46866, 35654, 02529, 11528, 08490, 00356, 74155, 13448, 57908, 22295, 25816, 94921, 98570, 87853, 33826, 24207, 64054
55310, 33618, 07467, 27084, 43001, 58000, 41890, 84663, 77479, 78763, 92503, 09203, 65409, 79474, 42445, 80163, 32184, 77281, 18253, 00466
92466, 32867, 41600, 80362, 87106, 92328, 85964, 92330, 65979, 73719, 40252, 34133, 11406, 70013, 06794, 86632, 87343, 05267, 19485, 30060
19472, 37424, 92371, 91310, 23057, 75391, 91841, 29862, 36175, 83810, 49147, 78794, 51812, 43772, 01908, 85110, 71187, 01041, 07021, 44585
34954, 63219, 77622, 52456, 55557, 47750, 48475, 15738, 02043, 91466, 99177, 78455, 10098, 37377, 05318, 31647, 62710, 35437, 85390, 08707
05429, 91721, 52314, 65197, 13009, 74538, 78462, 02702, 18463, 36794, 80059, 29493, 06235, 36676, 55232, 54476, 77130, 72692, 44707, 86141
25021, 94478, 59029, 29708, 46260, 33535, 98411, 84146, 59045, 44880, 76803, 28185, 62644, 02292, 09363, 48129, 76625, 11759, 48894, 07145
72876, 19536, 25826, 71048, 53834, 51901, 67307, 38754, 98787, 55893, 12339, 94758, 05380, 66887, 11895, 71017, 07478, 84997, 82638, 81466
97085, 79595, 17870, 86433, 99295, 47515, 89929, 43525, 43641, 97703, 41421, 97059, 24724, 42376, 99042, 65153, 65856, 43060, 75250, 22565
70226, 70209, 48164, 05624, 83980, 98556, 48433, 46722, 16243, 56675, 64899, 56943, 91379, 69272, 04566, 08737, 36165, 49771, 35433, 42887
13364, 07665, 90025, 64343, 19373, 51006, 92318, 51545, 15879, 23378, 22041, 47222, 46252, 36029, 93945, 62085, 19054, 72001, 36504, 85001
59132, 31925, 52264, 90194, 99849, 96963, 78820, 32464, 82570, 45606, 33106, 74313, 69109, 93660, 18245, 44183, 01453, 96847, 38946, 35926
46226, 11827, 01994, 63478, 89868, 33501, 38079, 07147, 35314, 38968, 96780, 49808, 41616, 41857, 81262, 64128, 43920, 55275, 00670, 60417
80095, 31083, 71508, 98271, 24827, 96639, 17858, 93421, 19585, 59364, 31768, 41409, 27094, 09620, 41978, 87013, 55178, 84515, 06174, 43677